timestamp,camera,frame,track_id,global_id,posture,bbox,keypoints,objects
17:40:37.029024,cam1,10,1,,,"(np.float32(48.771698), np.float32(602.11676), np.float32(158.81488), np.float32(717.11566))","[[151.56585693359375, 683.99853515625, 0.3771534860134125], [139.20223999023438, 673.7556762695312, 0.11763804405927658], [144.03260803222656, 678.0562133789062, 0.5920815467834473], [84.90887451171875, 686.0451049804688, 0.07156304270029068], [111.86292266845703, 698.1982421875, 0.8096319437026978], [84.77279663085938, 718.9344482421875, 0.10580326616764069], [92.60518646240234, 720.0, 0.12002001702785492], [129.31814575195312, 690.6475830078125, 0.007402369752526283], [113.322509765625, 720.0, 0.012091019190847874], [116.29254150390625, 700.208740234375, 0.012490270659327507], [128.57916259765625, 710.73193359375, 0.01512022316455841], [94.71558380126953, 720.0, 0.005689733661711216], [96.17120361328125, 720.0, 0.006028465926647186], [156.38311767578125, 698.9306640625, 0.010998083278536797], [131.9917449951172, 708.4976196289062, 0.013243388384580612], [137.77435302734375, 718.6777954101562, 0.035823460668325424], [122.12745666503906, 720.0, 0.040061209350824356]]",
17:40:37.355254,cam1,12,2,,,"(np.float32(97.783165), np.float32(569.92505), np.float32(254.3), np.float32(714.6889))","[[205.67141723632812, 653.6490478515625, 0.7933152914047241], [199.70323181152344, 640.260498046875, 0.4686261713504791], [190.29568481445312, 648.173095703125, 0.8713399171829224], [186.71315002441406, 644.0870361328125, 0.07575947791337967], [152.80593872070312, 665.4337768554688, 0.7931093573570251], [204.58377075195312, 678.1715087890625, 0.4509170949459076], [142.5848846435547, 719.5573120117188, 0.5051872730255127], [254.51559448242188, 654.6302490234375, 0.08030860871076584], [168.86204528808594, 720.0, 0.17114977538585663], [236.8884735107422, 609.0214233398438, 0.12395705282688141], [206.395263671875, 668.3098754882812, 0.1948578953742981], [230.79330444335938, 720.0, 0.03926609084010124], [187.54591369628906, 720.0, 0.04818056523799896], [277.3620910644531, 673.1438598632812, 0.021004969254136086], [229.52288818359375, 691.1279907226562, 0.030102329328656197], [246.8068084716797, 670.1896362304688, 0.032962616533041], [223.43495178222656, 702.2141723632812, 0.042663831263780594]]",
17:40:37.489827,cam1,13,2,1,,"(np.float32(117.63441), np.float32(560.1653), np.float32(273.59412), np.float32(715.3316))","[[232.46786499023438, 635.8751220703125, 0.5980361700057983], [226.7924041748047, 622.2667236328125, 0.28521761298179626], [219.4941864013672, 626.9639892578125, 0.7412933707237244], [198.04159545898438, 630.8695678710938, 0.1254890412092209], [189.13607788085938, 643.8180541992188, 0.8324607014656067], [209.1012725830078, 682.0333251953125, 0.467960000038147], [185.25582885742188, 706.2962036132812, 0.49752452969551086], [251.81515502929688, 677.9183349609375, 0.07875794172286987], [210.53663635253906, 715.955810546875, 0.13686449825763702], [245.38201904296875, 651.913818359375, 0.09122555702924728], [235.91903686523438, 672.4197998046875, 0.12939170002937317], [219.05856323242188, 720.0, 0.04654031619429588], [202.01686096191406, 720.0, 0.05015721917152405], [261.98089599609375, 690.2986450195312, 0.016886897385120392], [239.0106201171875, 699.4850463867188, 0.02214033156633377], [229.839111328125, 699.5137939453125, 0.018047606572508812], [223.99057006835938, 719.4645385742188, 0.021890949457883835]]",
17:40:37.642058,cam1,14,2,1,WALKING,"(np.float32(133.23386), np.float32(550.37616), np.float32(291.6836), np.float32(716.1084))","[[246.84678649902344, 622.49609375, 0.8451004028320312], [238.37939453125, 610.9253540039062, 0.5599784255027771], [233.152587890625, 617.4814453125, 0.8938754200935364], [214.04823303222656, 620.4340209960938, 0.16861888766288757], [198.1754150390625, 637.9735107421875, 0.8743046522140503], [234.10720825195312, 670.6305541992188, 0.7092087268829346], [177.1704559326172, 699.287353515625, 0.6995436549186707], [284.84112548828125, 685.0716552734375, 0.12730002403259277], [186.48223876953125, 720.0, 0.12624095380306244], [262.4620666503906, 691.7947387695312, 0.10729864239692688], [219.78750610351562, 691.7051391601562, 0.0989808589220047], [236.49200439453125, 720.0, 0.040565125644207], [197.66717529296875, 720.0, 0.035538531839847565], [288.87384033203125, 668.0186157226562, 0.01574517786502838], [222.9773406982422, 680.3359375, 0.01564859226346016], [255.4915313720703, 686.7289428710938, 0.021944358944892883], [207.55101013183594, 710.9094848632812, 0.02234567329287529]]",
17:40:37.796936,cam1,15,2,1,WALKING,"(np.float32(147.51387), np.float32(541.0112), np.float32(333.351), np.float32(717.2089))","[[260.545166015625, 616.6981811523438, 0.7044745683670044], [249.45713806152344, 605.0025024414062, 0.45668116211891174], [246.29286193847656, 612.9204711914062, 0.8036036491394043], [221.19400024414062, 608.8152465820312, 0.23615337908267975], [215.91635131835938, 633.327392578125, 0.9138590097427368], [255.19534301757812, 659.2339477539062, 0.7715848088264465], [197.5921630859375, 711.4913330078125, 0.741718590259552], [302.3367919921875, 683.647705078125, 0.1459161639213562], [195.55860900878906, 720.0, 0.1266973614692688], [332.3178405761719, 702.4156494140625, 0.06170932203531265], [220.29115295410156, 711.234375, 0.07530467212200165], [302.55853271484375, 707.3497314453125, 0.056828953325748444], [271.42205810546875, 720.0, 0.049634069204330444], [341.72021484375, 653.9413452148438, 0.025558793917298317], [303.2526550292969, 700.278076171875, 0.023139044642448425], [331.91180419921875, 677.6961669921875, 0.02430090680718422], [323.49920654296875, 720.0, 0.02023662067949772]]",
17:40:37.952356,cam1,16,2,1,WALKING,"(np.float32(166.08513), np.float32(535.1309), np.float32(352.7938), np.float32(718.0635))","[[278.25299072265625, 614.228271484375, 0.7210162878036499], [268.9166564941406, 600.8606567382812, 0.4822153151035309], [262.1464538574219, 610.0895385742188, 0.8166210055351257], [245.34173583984375, 604.1195068359375, 0.2825561761856079], [236.28628540039062, 630.7476196289062, 0.9131227135658264], [267.79400634765625, 660.715087890625, 0.7309526205062866], [244.08584594726562, 701.7673950195312, 0.7810539603233337], [324.8432922363281, 697.4714965820312, 0.11663967370986938], [263.3725280761719, 720.0, 0.1718900054693222], [346.323486328125, 706.8868408203125, 0.05782926082611084], [286.1559143066406, 719.1497192382812, 0.0966646671295166], [296.06378173828125, 714.84619140625, 0.04988465830683708], [286.77508544921875, 720.0, 0.05467788130044937], [321.1950988769531, 671.397705078125, 0.022606100887060165], [313.4956359863281, 703.8931884765625, 0.025824619457125664], [314.56549072265625, 682.2171020507812, 0.02239794284105301], [315.98626708984375, 719.4051513671875, 0.022205578163266182]]",
17:40:38.113319,cam1,17,2,1,WALKING,"(np.float32(173.79617), np.float32(534.646), np.float32(378.82532), np.float32(718.4286))","[[313.1961975097656, 612.7962036132812, 0.7874867916107178], [304.7754821777344, 598.1405029296875, 0.5976178646087646], [294.79754638671875, 610.7536010742188, 0.8483940958976746], [282.4119873046875, 598.1181640625, 0.3168591260910034], [263.57135009765625, 633.763916015625, 0.8989988565444946], [302.45684814453125, 639.0598754882812, 0.7563921213150024], [263.37005615234375, 700.65185546875, 0.8094484210014343], [343.89996337890625, 656.1551513671875, 0.17104049026966095], [264.8226013183594, 720.0, 0.21701179444789886], [346.5172119140625, 654.564697265625, 0.0917031466960907], [277.11590576171875, 697.5593872070312, 0.1337537169456482], [336.6717834472656, 710.3450927734375, 0.07270806282758713], [314.9500732421875, 720.0, 0.07563605159521103], [356.94073486328125, 652.8779296875, 0.028121212497353554], [320.91973876953125, 697.70556640625, 0.02954520843923092], [350.67523193359375, 659.0096435546875, 0.02614545449614525], [324.0243835449219, 705.078369140625, 0.024905720725655556]]",
17:40:38.266753,cam1,18,2,1,WALKING,"(np.float32(209.78044), np.float32(535.3144), np.float32(407.53128), np.float32(717.2004))","[[297.757568359375, 625.8208618164062, 0.23621207475662231], [292.937744140625, 617.5250854492188, 0.22835832834243774], [292.9294128417969, 617.2540893554688, 0.09471079707145691], [282.5194091796875, 614.3175048828125, 0.5240280032157898], [306.20361328125, 613.2561645507812, 0.22196878492832184], [310.0782165527344, 642.439697265625, 0.6518950462341309], [320.1060791015625, 639.2711181640625, 0.5439930558204651], [312.1808166503906, 672.5055541992188, 0.24684187769889832], [317.1527099609375, 670.2586669921875, 0.13646438717842102], [281.721435546875, 676.868408203125, 0.14724335074424744], [292.1687316894531, 677.376708984375, 0.09787379205226898], [378.9983825683594, 685.861572265625, 0.16678644716739655], [386.6220703125, 686.0535278320312, 0.14993245899677277], [360.1888732910156, 683.953369140625, 0.07860223948955536], [357.5352783203125, 681.386962890625, 0.06096862629055977], [365.6669921875, 694.729248046875, 0.06413408368825912], [363.5376281738281, 688.499755859375, 0.05454109609127045]]",
17:40:38.413835,cam1,19,2,1,WALKING,"(np.float32(234.54324), np.float32(535.54364), np.float32(432.39264), np.float32(717.8298))","[[295.4685974121094, 632.9705810546875, 0.2221793234348297], [291.90557861328125, 624.4137573242188, 0.16056989133358002], [299.03546142578125, 618.9073486328125, 0.12029346823692322], [285.9171447753906, 622.6024780273438, 0.5648046731948853], [319.24652099609375, 607.1681518554688, 0.5770743489265442], [313.9439697265625, 670.8619995117188, 0.8958314657211304], [348.55120849609375, 624.697998046875, 0.8230849504470825], [307.9501037597656, 714.1144409179688, 0.4146197438240051], [334.3228759765625, 634.0149536132812, 0.31223979592323303], [260.2432861328125, 639.5243530273438, 0.16994163393974304], [299.62689208984375, 642.9463500976562, 0.1537003219127655], [370.84600830078125, 711.486083984375, 0.3176158666610718], [397.6650085449219, 691.1163940429688, 0.30270031094551086], [331.3604431152344, 714.4705810546875, 0.07395173609256744], [377.1043701171875, 678.36767578125, 0.06988491117954254], [324.75201416015625, 695.4384155273438, 0.036809030920267105], [394.29510498046875, 674.856201171875, 0.0348031148314476]]",
17:40:38.552409,cam1,20,2,1,WALKING,"(np.float32(251.83032), np.float32(535.2938), np.float32(449.66727), np.float32(716.9023))","[[336.8208312988281, 619.07080078125, 0.4940771460533142], [332.71783447265625, 610.5923461914062, 0.287444531917572], [329.36859130859375, 612.3279418945312, 0.4795643091201782], [317.316650390625, 616.2811889648438, 0.4144894778728485], [321.75970458984375, 620.7717895507812, 0.822834312915802], [345.3955078125, 655.6846313476562, 0.8663510084152222], [341.2254943847656, 651.1469116210938, 0.8759133219718933], [354.760986328125, 695.3427734375, 0.3083733320236206], [338.4206848144531, 677.705078125, 0.3928047716617584], [329.7112731933594, 675.7655029296875, 0.13088278472423553], [326.4227600097656, 672.3355712890625, 0.19905699789524078], [397.83599853515625, 693.7302856445312, 0.21732942759990692], [401.0635681152344, 693.8069458007812, 0.25010010600090027], [370.8970947265625, 670.851318359375, 0.04717787355184555], [395.8507995605469, 670.2167358398438, 0.05518418923020363], [368.3960876464844, 664.3511962890625, 0.030322695150971413], [421.8670959472656, 677.1636352539062, 0.03176172450184822]]",
17:40:38.703716,cam1,21,2,1,WALKING,"(np.float32(272.02957), np.float32(527.0747), np.float32(472.99475), np.float32(716.1116))","[[361.8898620605469, 617.1221923828125, 0.9149841070175171], [360.4859619140625, 600.2254028320312, 0.8862518072128296], [342.68695068359375, 610.8430786132812, 0.891710638999939], [367.8779602050781, 591.0712280273438, 0.5386412739753723], [331.0155944824219, 619.3341674804688, 0.6554186344146729], [413.6645202636719, 631.6428833007812, 0.7487119436264038], [341.48150634765625, 668.0529174804688, 0.8129635453224182], [431.63836669921875, 659.63525390625, 0.16714155673980713], [339.6549377441406, 706.8096313476562, 0.2883707284927368], [382.05908203125, 666.4417114257812, 0.1431417465209961], [325.855712890625, 690.9972534179688, 0.22323350608348846], [451.88958740234375, 707.364990234375, 0.08576054126024246], [403.8400573730469, 720.0, 0.1125890463590622], [439.18829345703125, 678.1783447265625, 0.027774516493082047], [379.1875305175781, 688.9708862304688, 0.035781607031822205], [413.6466064453125, 688.4910888671875, 0.025866061449050903], [370.60211181640625, 705.971435546875, 0.03226897493004799]]",
17:40:38.854539,cam1,22,2,1,WALKING,"(np.float32(288.55188), np.float32(520.4646), np.float32(487.63297), np.float32(716.9758))","[[380.5782470703125, 609.4383544921875, 0.9155059456825256], [377.3870849609375, 589.8568115234375, 0.858694314956665], [361.6877746582031, 607.226806640625, 0.8983163833618164], [378.9561462402344, 577.1543579101562, 0.5315433740615845], [340.23236083984375, 619.37890625, 0.7819898724555969], [417.31005859375, 609.2546997070312, 0.8662358522415161], [341.8456726074219, 670.317138671875, 0.872859001159668], [459.54736328125, 646.1784057617188, 0.4381332993507385], [323.2767028808594, 720.0, 0.4101431667804718], [447.78387451171875, 672.570068359375, 0.3018621802330017], [305.8435363769531, 692.2208251953125, 0.3189290463924408], [452.2147521972656, 686.0433349609375, 0.18595635890960693], [407.47802734375, 714.074462890625, 0.1799003779888153], [447.48248291015625, 657.9598388671875, 0.046570707112550735], [386.5945129394531, 701.009521484375, 0.04398735612630844], [444.7444152832031, 646.34521484375, 0.027129359543323517], [399.4068298339844, 696.42626953125, 0.02530090883374214]]",
17:40:39.014127,cam1,23,2,1,WALKING,"(np.float32(298.49042), np.float32(516.38165), np.float32(505.88092), np.float32(715.5094))","[[397.6305236816406, 604.3665161132812, 0.7312833070755005], [390.57611083984375, 591.4864501953125, 0.52888023853302], [384.0190734863281, 597.1414794921875, 0.6990689635276794], [378.9191589355469, 583.8729858398438, 0.26234307885169983], [373.3473205566406, 598.8155517578125, 0.6557042598724365], [425.5223083496094, 623.2789306640625, 0.7701258659362793], [364.7336730957031, 644.8656005859375, 0.8746421337127686], [471.35845947265625, 677.2117309570312, 0.21882110834121704], [354.3456115722656, 709.0013427734375, 0.4820892810821533], [432.76849365234375, 666.1510009765625, 0.14202682673931122], [334.69830322265625, 684.5641479492188, 0.2857891023159027], [472.9884338378906, 707.0572509765625, 0.13666276633739471], [435.3280029296875, 717.7412109375, 0.19901736080646515], [444.3839416503906, 682.0406494140625, 0.030086858198046684], [377.9184265136719, 687.9446411132812, 0.041813477873802185], [429.55535888671875, 695.4069213867188, 0.02052602544426918], [366.6786804199219, 705.8587646484375, 0.027285568416118622]]",
17:40:39.171255,cam1,24,2,1,WALKING,"(np.float32(320.97614), np.float32(513.10504), np.float32(532.36554), np.float32(716.1019))","[[413.96600341796875, 611.4644775390625, 0.8724187612533569], [413.2169189453125, 593.6717529296875, 0.8000302314758301], [398.67193603515625, 604.9868774414062, 0.8453212380409241], [418.39849853515625, 580.0925903320312, 0.5624978542327881], [382.3831481933594, 606.4517822265625, 0.757491946220398], [466.82232666015625, 618.9706420898438, 0.85877525806427], [386.5353698730469, 646.1298217773438, 0.8696024417877197], [492.0831298828125, 680.5485229492188, 0.31599679589271545], [358.93389892578125, 702.5498046875, 0.3630272150039673], [449.0735168457031, 699.432861328125, 0.16855862736701965], [351.5568542480469, 693.4086303710938, 0.22400464117527008], [502.1013488769531, 684.0811157226562, 0.14733557403087616], [456.64007568359375, 695.7918701171875, 0.16250517964363098], [466.9378967285156, 674.81689453125, 0.03205873817205429], [432.2461242675781, 693.140380859375, 0.034972645342350006], [446.9189758300781, 649.8522338867188, 0.01951797492802143], [450.1751403808594, 681.5758666992188, 0.020115921273827553]]",
17:40:39.323496,cam1,25,2,1,WALKING,"(np.float32(346.80145), np.float32(511.51627), np.float32(565.59033), np.float32(716.56824))","[[433.9037170410156, 613.5575561523438, 0.9549034237861633], [439.98126220703125, 587.69189453125, 0.9604731202125549], [409.26031494140625, 605.596923828125, 0.9327911734580994], [466.0199279785156, 568.7088012695312, 0.7568807601928711], [387.1405029296875, 610.6309814453125, 0.5999650955200195], [521.027099609375, 611.3036499023438, 0.7909097075462341], [397.57867431640625, 662.8304443359375, 0.7775570154190063], [565.9324951171875, 657.5390014648438, 0.2659692168235779], [373.8817443847656, 718.5013427734375, 0.22689984738826752], [541.7216796875, 686.5787353515625, 0.18203313648700714], [369.69683837890625, 708.197998046875, 0.1772194504737854], [549.9335327148438, 694.3057861328125, 0.09699863195419312], [471.30023193359375, 716.370361328125, 0.09194020181894302], [542.1425170898438, 672.40966796875, 0.031201910227537155], [430.3056945800781, 706.4058837890625, 0.029882820323109627], [524.409423828125, 661.2778930664062, 0.026811880990862846], [430.73321533203125, 709.82666015625, 0.02666338160634041]]",
17:40:39.471152,cam1,26,2,1,WALKING,"(np.float32(365.24185), np.float32(508.9926), np.float32(589.5028), np.float32(716.656))","[[453.28485107421875, 607.3479614257812, 0.9253615736961365], [454.3289794921875, 586.5191040039062, 0.9136471152305603], [434.87957763671875, 601.3672485351562, 0.8792315721511841], [468.85498046875, 571.943359375, 0.6787611246109009], [417.6341857910156, 606.3140258789062, 0.6199640035629272], [530.794189453125, 608.1580810546875, 0.8449414968490601], [424.6139221191406, 658.2073364257812, 0.8450148105621338], [591.5160522460938, 647.2039794921875, 0.3722701966762543], [392.38623046875, 717.3101196289062, 0.33665862679481506], [571.7205200195312, 674.8623046875, 0.2529931664466858], [392.85504150390625, 703.3946533203125, 0.2557217478752136], [582.2119140625, 691.98583984375, 0.14685899019241333], [519.3211669921875, 714.3578491210938, 0.1437961608171463], [551.96728515625, 658.9229125976562, 0.041510455310344696], [485.19989013671875, 690.3428955078125, 0.04035387933254242], [541.4423828125, 659.11767578125, 0.02823842316865921], [504.0662841796875, 695.8302001953125, 0.028339503332972527]]",
17:40:39.619272,cam1,27,2,1,WALKING,"(np.float32(379.3347), np.float32(506.4801), np.float32(614.71185), np.float32(717.4714))","[[471.9740905761719, 606.8505249023438, 0.9570289850234985], [478.224609375, 582.179931640625, 0.9596670269966125], [447.5230407714844, 600.0078735351562, 0.9042612910270691], [502.7469787597656, 561.3173828125, 0.7555288672447205], [422.37908935546875, 604.4962158203125, 0.5030885338783264], [554.8986206054688, 584.52490234375, 0.9332982897758484], [421.7666931152344, 656.1168212890625, 0.7967218160629272], [608.8309936523438, 619.843994140625, 0.7096568942070007], [402.46343994140625, 720.0, 0.29185059666633606], [599.8433837890625, 688.74169921875, 0.5193780660629272], [402.90814208984375, 702.8424682617188, 0.2582271993160248], [584.0137939453125, 688.77734375, 0.3194909989833832], [497.32293701171875, 720.0, 0.19425515830516815], [579.8077392578125, 680.8433227539062, 0.05771511793136597], [460.8599548339844, 720.0, 0.030659586191177368], [548.53076171875, 643.6455688476562, 0.02651139348745346], [455.19451904296875, 694.3740234375, 0.016868874430656433]]",
17:40:39.771286,cam1,28,2,1,WALKING,"(np.float32(430.96176), np.float32(500.49738), np.float32(680.70233), np.float32(716.0933))","[[545.3865966796875, 582.7445678710938, 0.370340496301651], [535.9194946289062, 571.3917846679688, 0.11643601953983307], [538.7573852539062, 570.42626953125, 0.2797103226184845], [510.9381408691406, 577.6727294921875, 0.2463788390159607], [539.2437133789062, 573.34912109375, 0.8192524909973145], [536.729248046875, 640.3944702148438, 0.9232915639877319], [611.6842651367188, 608.66748046875, 0.898294985294342], [591.1787109375, 695.753662109375, 0.5089995861053467], [700.3098754882812, 638.343505859375, 0.6000601649284363], [644.890625, 702.4713745117188, 0.2507978081703186], [689.796630859375, 687.1823120117188, 0.36362630128860474], [609.3291015625, 720.0, 0.27615228295326233], [661.2007446289062, 716.8411254882812, 0.3113068640232086], [593.3547973632812, 686.3851318359375, 0.03256688639521599], [661.9815673828125, 669.726318359375, 0.04138362035155296], [553.7068481445312, 681.4868774414062, 0.012589927762746811], [634.1966552734375, 688.020263671875, 0.013494187965989113]]",
17:40:39.929953,cam1,29,2,1,WALKING,"(np.float32(467.09564), np.float32(489.29822), np.float32(739.1684), np.float32(716.5441))","[[555.8460083007812, 584.0843505859375, 0.9669254422187805], [570.1646728515625, 560.564208984375, 0.9724512100219727], [535.5857543945312, 570.1138916015625, 0.9052892923355103], [605.436279296875, 547.0715942382812, 0.8660107851028442], [515.8785400390625, 569.0030517578125, 0.4283839762210846], [667.14306640625, 593.7280883789062, 0.9404600262641907], [511.53521728515625, 642.02880859375, 0.8558036684989929], [752.1207885742188, 644.9810791015625, 0.7038847208023071], [492.34674072265625, 720.0, 0.3384973108768463], [732.7947998046875, 699.5208740234375, 0.5754055380821228], [498.1700439453125, 718.279541015625, 0.309187114238739], [684.337890625, 704.2850341796875, 0.2538926601409912], [584.0720825195312, 720.0, 0.15964706242084503], [695.8552856445312, 685.1741943359375, 0.04100595414638519], [571.189697265625, 712.361083984375, 0.02500571310520172], [689.0068359375, 672.0609741210938, 0.017554279416799545], [591.036376953125, 689.4908447265625, 0.013159949332475662]]",
17:40:40.080767,cam1,30,2,1,WALKING,"(np.float32(493.30844), np.float32(473.55978), np.float32(778.85596), np.float32(716.23676))","[[587.6650390625, 564.6240234375, 0.9709907174110413], [602.341796875, 542.287353515625, 0.9678207039833069], [568.3462524414062, 550.2099609375, 0.9280546307563782], [635.654541015625, 532.9910888671875, 0.8296656012535095], [550.5302734375, 551.8806762695312, 0.5279915928840637], [693.9471435546875, 587.1055908203125, 0.9359400868415833], [534.0421142578125, 627.3311767578125, 0.8995732665061951], [763.4811401367188, 651.0237426757812, 0.609678328037262], [511.93243408203125, 712.6719970703125, 0.4372118413448334], [767.7716064453125, 718.6956176757812, 0.4609734117984772], [530.7122192382812, 710.35498046875, 0.3558901250362396], [692.1165771484375, 720.0, 0.25070738792419434], [591.38427734375, 720.0, 0.21392890810966492], [687.643310546875, 695.782470703125, 0.04016905277967453], [578.4841918945312, 720.0, 0.033729325979948044], [651.9869995117188, 691.1845703125, 0.020019197836518288], [604.0004272460938, 713.1669921875, 0.01789872720837593]]",
17:40:40.238366,cam1,31,2,1,WALKING,"(np.float32(507.78915), np.float32(461.2441), np.float32(801.03253), np.float32(717.2074))","[[602.947265625, 558.9288940429688, 0.9724927544593811], [620.1797485351562, 536.4237060546875, 0.9664692282676697], [582.2205200195312, 541.97412109375, 0.936511218547821], [654.5780029296875, 528.3653564453125, 0.8174445629119873], [560.1544189453125, 541.75244140625, 0.5598756074905396], [705.7296142578125, 591.1924438476562, 0.9348190426826477], [540.5849609375, 617.2665405273438, 0.9086130261421204], [772.505126953125, 669.3152465820312, 0.5876380205154419], [515.1113891601562, 704.127197265625, 0.4551388621330261], [769.6483764648438, 720.0, 0.4439013600349426], [525.9451904296875, 707.6993408203125, 0.36305901408195496], [686.995361328125, 720.0, 0.25994259119033813], [581.5382080078125, 720.0, 0.22365716099739075], [703.3966674804688, 707.4628295898438, 0.04060525819659233], [582.238525390625, 720.0, 0.03591006249189377], [672.1403198242188, 704.7649536132812, 0.01985844038426876], [598.1022338867188, 719.5939331054688, 0.018511058762669563]]",
17:40:40.398383,cam1,32,2,1,WALKING,"(np.float32(512.9511), np.float32(454.55832), np.float32(811.1401), np.float32(717.6119))","[[612.4733276367188, 547.7592163085938, 0.973893940448761], [626.3693237304688, 526.3082275390625, 0.9725383520126343], [594.020263671875, 532.7779541015625, 0.933965265750885], [658.7919311523438, 519.7542724609375, 0.8545276522636414], [576.353759765625, 534.41650390625, 0.576852560043335], [716.2156982421875, 594.4249877929688, 0.9477556347846985], [548.4625854492188, 615.4351806640625, 0.9055364727973938], [784.4930419921875, 675.2879638671875, 0.6664814949035645], [506.1116943359375, 701.4844970703125, 0.4317808747291565], [781.3583984375, 720.0, 0.5090000629425049], [530.205078125, 705.0715942382812, 0.3624040186405182], [700.4271240234375, 720.0, 0.2093900740146637], [591.9353637695312, 720.0, 0.1641543060541153], [730.108642578125, 720.0, 0.02086593583226204], [600.6873168945312, 720.0, 0.01587619073688984], [713.464111328125, 712.0953369140625, 0.007319351192563772], [623.2221069335938, 720.0, 0.006037659011781216]]",
17:40:40.555636,cam1,33,2,1,WALKING,"(np.float32(514.94586), np.float32(447.73706), np.float32(815.4276), np.float32(717.7296))","[[632.0385131835938, 542.7649536132812, 0.9815077185630798], [649.6865234375, 522.1649169921875, 0.9702487587928772], [612.8961791992188, 526.025146484375, 0.9556251168251038], [681.8486328125, 518.7144165039062, 0.824044406414032], [592.037353515625, 527.7343139648438, 0.6436094045639038], [720.8400268554688, 592.5342407226562, 0.9596757292747498], [571.829345703125, 598.4129028320312, 0.9535040259361267], [777.5340576171875, 680.484619140625, 0.7464394569396973], [523.7172241210938, 677.6713256835938, 0.6954857110977173], [766.966796875, 720.0, 0.6366209387779236], [522.2141723632812, 710.2562255859375, 0.5991863012313843], [686.833251953125, 720.0, 0.3422534465789795], [589.6825561523438, 720.0, 0.32483309507369995], [715.0244140625, 720.0, 0.03342822939157486], [590.8129272460938, 720.0, 0.0319240428507328], [704.5770263671875, 696.9603881835938, 0.010044371709227562], [595.26953125, 705.5927124023438, 0.009825271554291248]]",
17:40:40.709723,cam1,34,2,1,WALKING,"(np.float32(514.08374), np.float32(444.0535), np.float32(816.48303), np.float32(718.0388))","[[640.8504028320312, 534.2604370117188, 0.9822816848754883], [657.8532104492188, 515.2021484375, 0.9706975221633911], [623.3518676757812, 518.3455810546875, 0.9608688354492188], [688.2142333984375, 514.770263671875, 0.8256195187568665], [604.2415161132812, 522.153076171875, 0.6744816899299622], [727.43994140625, 591.2752075195312, 0.9536224007606506], [576.6666259765625, 594.5435791015625, 0.9576141238212585], [776.2947998046875, 686.403076171875, 0.6844743490219116], [520.9036254882812, 680.5657958984375, 0.6946644186973572], [759.6202392578125, 720.0, 0.5624544620513916], [521.0603637695312, 715.9306640625, 0.5728631615638733], [688.751953125, 720.0, 0.2985059320926666], [590.47900390625, 720.0, 0.30645427107810974], [716.7874145507812, 719.9954223632812, 0.03188718110322952], [587.9105224609375, 719.4970092773438, 0.03366205096244812], [706.488037109375, 703.343017578125, 0.01087452843785286], [592.1050415039062, 710.3828125, 0.011411580257117748]]",
17:40:40.875617,cam1,35,2,1,WALKING,"(np.float32(511.38388), np.float32(442.76486), np.float32(816.1692), np.float32(717.74176))","[[645.7127075195312, 533.783935546875, 0.9802259206771851], [662.7299194335938, 514.4600830078125, 0.9690314531326294], [628.14794921875, 517.4464111328125, 0.9597523808479309], [693.7890014648438, 513.713623046875, 0.8180159330368042], [609.302978515625, 521.1380615234375, 0.6644009947776794], [735.510986328125, 592.8577880859375, 0.9306218028068542], [575.9005737304688, 593.6427612304688, 0.948495626449585], [776.2045288085938, 696.005859375, 0.5336238741874695], [516.0009765625, 684.4757690429688, 0.6282034516334534], [760.4461059570312, 720.0, 0.42157983779907227], [517.9498291015625, 715.0260620117188, 0.49389418959617615], [685.65576171875, 720.0, 0.2232722043991089], [584.0459594726562, 720.0, 0.25715234875679016], [693.8409423828125, 709.9640502929688, 0.031945906579494476], [574.8975219726562, 709.8603515625, 0.038345325738191605], [671.1669311523438, 710.082763671875, 0.015310926362872124], [590.2451782226562, 720.0, 0.017457732930779457]]",
17:40:41.027706,cam1,36,2,1,FALL_DOWN,"(np.float32(507.86182), np.float32(441.9871), np.float32(813.5415), np.float32(718.2464))","[[654.0845947265625, 534.2022705078125, 0.9783400893211365], [672.7047729492188, 514.7379150390625, 0.9647859930992126], [636.6317138671875, 515.2598266601562, 0.960594892501831], [702.9000854492188, 514.208984375, 0.772308886051178], [612.55029296875, 515.9467163085938, 0.6777002215385437], [744.9041137695312, 598.9375, 0.9190801382064819], [565.404052734375, 595.4262084960938, 0.9394878149032593], [774.2872924804688, 708.872802734375, 0.46514979004859924], [510.755859375, 692.6663208007812, 0.5475207567214966], [750.9197998046875, 720.0, 0.363313764333725], [510.19940185546875, 712.5919189453125, 0.4196334481239319], [688.9854736328125, 720.0, 0.19731512665748596], [574.3641967773438, 720.0, 0.2168930619955063], [702.5155029296875, 712.4949951171875, 0.03247986361384392], [575.9948120117188, 711.201416015625, 0.03710222244262695], [665.8018188476562, 712.6400146484375, 0.016508501023054123], [600.3861694335938, 720.0, 0.018063358962535858]]",
17:40:41.165798,cam1,37,2,1,FALL_DOWN,"(np.float32(506.63565), np.float32(441.59613), np.float32(809.9607), np.float32(718.18634))","[[653.3372192382812, 533.517578125, 0.9806007742881775], [671.2769775390625, 513.9747924804688, 0.9666013121604919], [635.9580688476562, 515.4738159179688, 0.9672331213951111], [700.5853271484375, 512.847412109375, 0.7838709950447083], [613.4140014648438, 516.5714111328125, 0.7421935200691223], [739.3619384765625, 596.068359375, 0.9301738142967224], [570.0342407226562, 599.5604858398438, 0.9512301683425903], [774.6901245117188, 697.5125732421875, 0.4834308922290802], [514.4404296875, 695.9088134765625, 0.5807431936264038], [751.0460815429688, 720.0, 0.3630695939064026], [515.4494018554688, 717.4277954101562, 0.4359113276004791], [691.2865600585938, 720.0, 0.19493471086025238], [582.3518676757812, 720.0, 0.22168049216270447], [722.9274291992188, 707.3314208984375, 0.028919054195284843], [586.8492431640625, 709.9086303710938, 0.03406091779470444], [699.2858276367188, 698.378173828125, 0.01365959644317627], [603.532958984375, 706.4511108398438, 0.01521771214902401]]",
17:40:41.313288,cam1,38,2,1,FALL_DOWN,"(np.float32(509.866), np.float32(441.4447), np.float32(809.865), np.float32(718.0467))","[[649.8391723632812, 534.1204833984375, 0.9795175790786743], [667.9104614257812, 515.255859375, 0.9644978046417236], [633.4404907226562, 515.9520263671875, 0.9667181968688965], [696.8489990234375, 514.970947265625, 0.7770357728004456], [611.6843872070312, 516.4891357421875, 0.7480049133300781], [739.7138061523438, 598.4234619140625, 0.9291208982467651], [566.180908203125, 601.8999633789062, 0.9490979313850403], [778.0994873046875, 701.1923828125, 0.4473595917224884], [519.4898681640625, 701.2645874023438, 0.5454075932502747], [755.9796142578125, 720.0, 0.320561945438385], [522.7921752929688, 715.56201171875, 0.3927209675312042], [692.6539306640625, 720.0, 0.1871836632490158], [582.178955078125, 720.0, 0.21311810612678528], [723.4469604492188, 709.6959838867188, 0.029068173840641975], [592.3851318359375, 712.2393798828125, 0.03463780879974365], [688.6585083007812, 701.9468383789062, 0.014437929727137089], [611.4409790039062, 707.2498779296875, 0.016163257881999016]]",
17:40:41.469932,cam1,39,2,1,WALKING,"(np.float32(510.77927), np.float32(442.002), np.float32(811.1146), np.float32(717.8129))","[[645.114013671875, 534.6189575195312, 0.9786339998245239], [662.8512573242188, 515.4385375976562, 0.9692855477333069], [628.5455322265625, 517.4945068359375, 0.9600417017936707], [694.3670654296875, 514.5574951171875, 0.8302351832389832], [610.258056640625, 519.473876953125, 0.6808475255966187], [738.470458984375, 597.177001953125, 0.930794358253479], [570.64697265625, 601.2711181640625, 0.943119466304779], [781.5845336914062, 699.184814453125, 0.4912857115268707], [518.6958618164062, 697.2110595703125, 0.5329704880714417], [762.1597900390625, 720.0, 0.3635380268096924], [521.8690185546875, 715.14453125, 0.3926543593406677], [690.5238037109375, 720.0, 0.19180722534656525], [582.8701782226562, 720.0, 0.2047736793756485], [724.927001953125, 705.8496704101562, 0.029828447848558426], [590.079833984375, 707.9417724609375, 0.03315231576561928], [703.7544555664062, 696.9788818359375, 0.014841720461845398], [607.2868041992188, 704.9239501953125, 0.016125312075018883]]",
17:40:41.633552,cam1,40,2,1,FALL_DOWN,"(np.float32(514.1653), np.float32(442.5299), np.float32(811.84735), np.float32(717.442))","[[641.5779418945312, 535.8226318359375, 0.9759216904640198], [660.0476684570312, 516.7186279296875, 0.9675015211105347], [624.4934692382812, 518.8026123046875, 0.9531323313713074], [692.3905639648438, 517.3945922851562, 0.8272139430046082], [605.6401977539062, 522.5202026367188, 0.6378673911094666], [738.1002197265625, 597.7181396484375, 0.9213582873344421], [567.43603515625, 601.997802734375, 0.929572582244873], [781.7308959960938, 700.3507690429688, 0.45374712347984314], [521.5201416015625, 697.92724609375, 0.4871963858604431], [775.439453125, 720.0, 0.3225979208946228], [522.9235229492188, 711.12451171875, 0.3491249680519104], [688.0261840820312, 720.0, 0.19191096723079681], [580.2481079101562, 720.0, 0.2053741216659546], [701.14013671875, 706.4778442382812, 0.03312728926539421], [578.9495849609375, 710.3677978515625, 0.036784347146749496], [668.79736328125, 708.4891967773438, 0.019075710326433182], [604.013427734375, 719.0324096679688, 0.020587598904967308]]",
17:40:41.786128,cam1,41,2,1,FALL_DOWN,"(np.float32(514.2542), np.float32(444.93896), np.float32(811.3818), np.float32(717.75977))","[[639.3834228515625, 539.2150268554688, 0.977062463760376], [657.1018676757812, 518.5792236328125, 0.9700329303741455], [620.2216796875, 523.0693359375, 0.9539499878883362], [689.5738525390625, 517.7379760742188, 0.8379546999931335], [599.9417724609375, 527.9878540039062, 0.6452317237854004], [731.2887573242188, 600.7001342773438, 0.93769770860672], [569.21044921875, 604.7391357421875, 0.9295409321784973], [782.3555908203125, 695.4576416015625, 0.5615471601486206], [516.1879272460938, 690.60986328125, 0.49968716502189636], [781.0618896484375, 720.0, 0.4260201156139374], [523.5911254882812, 717.1583251953125, 0.38493725657463074], [687.5505981445312, 719.3687133789062, 0.21669504046440125], [583.681396484375, 720.0, 0.20269005000591278], [725.5008544921875, 708.6777954101562, 0.031491294503211975], [593.37548828125, 712.14111328125, 0.0302716176956892], [713.4559936523438, 686.1383056640625, 0.014597428031265736], [608.047119140625, 702.9353637695312, 0.014377448707818985]]",
17:40:41.933232,cam1,42,2,1,FALL_DOWN,"(np.float32(514.1454), np.float32(446.4246), np.float32(811.1449), np.float32(717.8364))","[[635.8939819335938, 540.3346557617188, 0.9770488142967224], [654.264404296875, 519.8185424804688, 0.9713601469993591], [617.4410400390625, 523.39794921875, 0.9523587226867676], [688.302490234375, 519.2619018554688, 0.852563738822937], [598.6277465820312, 527.1796264648438, 0.62605220079422], [732.3963623046875, 604.4386596679688, 0.9362885355949402], [568.7288818359375, 606.2592163085938, 0.9305251836776733], [783.04833984375, 697.7597045898438, 0.5490425229072571], [516.0859375, 689.6029052734375, 0.5002206563949585], [782.0376586914062, 720.0, 0.4198497533798218], [524.0084228515625, 714.5171508789062, 0.38755303621292114], [692.2711181640625, 720.0, 0.2116350680589676], [587.1102905273438, 720.0, 0.20179840922355652], [732.02490234375, 712.5761108398438, 0.03081457130610943], [598.9236450195312, 714.4760131835938, 0.03044913522899151], [719.58984375, 689.4041748046875, 0.014327607117593288], [614.8624267578125, 703.72265625, 0.014501821249723434]]",
17:40:42.094214,cam1,43,2,1,FALL_DOWN,"(np.float32(513.39984), np.float32(447.26276), np.float32(810.8605), np.float32(717.6935))","[[634.1593627929688, 541.459228515625, 0.9761472344398499], [652.5822143554688, 520.992431640625, 0.971758246421814], [615.8373413085938, 524.848876953125, 0.9498165845870972], [687.9008178710938, 520.1575317382812, 0.8606417775154114], [598.0956420898438, 528.5352172851562, 0.6032817959785461], [733.474609375, 605.8731689453125, 0.9321351647377014], [568.9174194335938, 605.5689086914062, 0.9270259737968445], [782.91650390625, 700.49462890625, 0.5288667678833008], [514.0663452148438, 686.7808227539062, 0.48582229018211365], [781.2291259765625, 720.0, 0.40266549587249756], [523.5313720703125, 712.7736206054688, 0.3734334111213684], [693.7373657226562, 720.0, 0.20588301122188568], [588.32958984375, 720.0, 0.19831439852714539], [732.2842407226562, 714.3129272460938, 0.030682336539030075], [600.9156494140625, 714.7701416015625, 0.03072192333638668], [722.3260498046875, 687.357666015625, 0.014630112797021866], [619.9151611328125, 702.55908203125, 0.015031307935714722]]",
17:40:42.255743,cam1,44,2,1,FALL_DOWN,"(np.float32(512.99744), np.float32(448.04758), np.float32(810.98773), np.float32(717.7928))","[[634.4300537109375, 544.5717163085938, 0.9762797951698303], [652.0059814453125, 523.6078491210938, 0.9720630049705505], [615.8765869140625, 528.0140380859375, 0.9488109946250916], [687.6585083007812, 520.5753173828125, 0.860522449016571], [598.2583618164062, 530.3157348632812, 0.5901196002960205], [735.5303344726562, 606.6213989257812, 0.9326826333999634], [570.683837890625, 604.7675170898438, 0.9263207912445068], [784.4473876953125, 699.37451171875, 0.540071964263916], [513.7340087890625, 679.8211669921875, 0.4958248734474182], [780.7203369140625, 720.0, 0.4150386154651642], [523.6431884765625, 709.847900390625, 0.3861318528652191], [695.860595703125, 720.0, 0.2127971351146698], [589.7561645507812, 720.0, 0.2047037035226822], [732.766357421875, 716.4412231445312, 0.03036767803132534], [598.5604858398438, 716.045166015625, 0.030326461419463158], [722.5391235351562, 683.3948974609375, 0.014157643541693687], [614.8155517578125, 700.1888427734375, 0.014529597014188766]]",
17:40:42.407987,cam1,45,2,1,FALL_DOWN,"(np.float32(513.1649), np.float32(448.8651), np.float32(810.9974), np.float32(717.67365))","[[637.81494140625, 547.0120239257812, 0.9768200516700745], [654.4440307617188, 525.8397827148438, 0.9704084992408752], [619.0612182617188, 530.3007202148438, 0.9528620839118958], [688.1026611328125, 521.5526123046875, 0.8400470018386841], [599.6883544921875, 531.5361328125, 0.6216991543769836], [736.5696411132812, 608.4259643554688, 0.9309704303741455], [570.1272583007812, 605.5425415039062, 0.928592324256897], [785.3884887695312, 702.4478759765625, 0.5245451331138611], [515.0643310546875, 680.57373046875, 0.5030088424682617], [779.801025390625, 720.0, 0.40478864312171936], [525.569091796875, 711.752197265625, 0.3923143744468689], [697.1505737304688, 720.0, 0.20241029560565948], [590.3802490234375, 720.0, 0.19993174076080322], [730.717041015625, 712.5179443359375, 0.029527071863412857], [596.9489135742188, 711.53662109375, 0.03021475486457348], [719.1665649414062, 677.25634765625, 0.014109055511653423], [616.8276977539062, 694.489990234375, 0.014615636318922043]]",
17:40:42.562815,cam1,46,2,1,,"(np.float32(515.49023), np.float32(453.44107), np.float32(809.53754), np.float32(717.3668))","[[640.3411865234375, 553.4674072265625, 0.9751051068305969], [658.428955078125, 531.6731567382812, 0.9713971614837646], [621.1055297851562, 535.4755249023438, 0.9551759362220764], [693.8165893554688, 527.8426513671875, 0.8560643792152405], [601.6929931640625, 536.25341796875, 0.6361650228500366], [741.783203125, 617.4108276367188, 0.9041613936424255], [575.13818359375, 611.4136962890625, 0.9178568124771118], [788.4414672851562, 707.9927978515625, 0.38126441836357117], [517.3560791015625, 680.1942749023438, 0.43033504486083984], [772.3900146484375, 713.75146484375, 0.29798153042793274], [526.5628662109375, 707.3326416015625, 0.32796040177345276], [701.1165771484375, 720.0, 0.14131049811840057], [594.913818359375, 717.2139892578125, 0.15392377972602844], [730.1929321289062, 706.345703125, 0.0268576517701149], [600.1654663085938, 701.5347290039062, 0.030633309856057167], [715.988525390625, 678.5833740234375, 0.01606685481965542], [620.0321044921875, 692.6974487304688, 0.018050765618681908]]",
17:40:42.717554,cam1,47,2,1,,"(np.float32(525.857), np.float32(457.45865), np.float32(812.06824), np.float32(717.0395))","[[645.9234008789062, 556.6641235351562, 0.9687532782554626], [663.58349609375, 535.403076171875, 0.9715105891227722], [628.75341796875, 538.5673217773438, 0.9373785257339478], [700.339111328125, 531.416748046875, 0.8660707473754883], [612.5419921875, 538.0435791015625, 0.5276458263397217], [753.0992431640625, 624.8961181640625, 0.886210024356842], [582.7619018554688, 616.9283447265625, 0.8575577139854431], [791.2363891601562, 718.826171875, 0.3067936301231384], [531.597412109375, 684.218017578125, 0.24429921805858612], [761.9884643554688, 716.559326171875, 0.20750506222248077], [529.6561279296875, 685.7073364257812, 0.17842532694339752], [709.007568359375, 720.0, 0.10359976440668106], [598.830322265625, 720.0, 0.09806987643241882], [734.0938110351562, 715.3553466796875, 0.024186234921216965], [596.5230102539062, 712.221923828125, 0.023127209395170212], [712.454345703125, 685.69189453125, 0.0169819425791502], [620.8457641601562, 700.0859375, 0.016646070405840874]]",
17:40:42.881634,cam1,48,2,1,,"(np.float32(526.46216), np.float32(460.86014), np.float32(813.9131), np.float32(716.4034))","[[649.7582397460938, 564.3518676757812, 0.9678707122802734], [668.12646484375, 541.82373046875, 0.9695162177085876], [630.762939453125, 544.5609130859375, 0.9417551755905151], [706.244384765625, 535.3795166015625, 0.8553570508956909], [612.59033203125, 541.1749877929688, 0.5363615155220032], [757.638427734375, 633.02978515625, 0.8408253788948059], [585.2902221679688, 608.5816040039062, 0.853797972202301], [787.2446899414062, 720.0, 0.20538364350795746], [506.7869873046875, 632.1760864257812, 0.25079044699668884], [768.4877319335938, 715.9205322265625, 0.14960241317749023], [489.67633056640625, 598.9644775390625, 0.19032882153987885], [703.5560302734375, 720.0, 0.098105289041996], [595.1647338867188, 720.0, 0.1079123318195343], [721.2951049804688, 706.7496948242188, 0.030699538066983223], [598.6940307617188, 697.7012329101562, 0.03542478755116463], [690.1240844726562, 687.7327880859375, 0.028414076194167137], [616.1253662109375, 703.034423828125, 0.03218057006597519]]",
17:40:43.029378,cam1,49,2,1,,"(np.float32(538.90674), np.float32(463.6814), np.float32(816.8098), np.float32(716.4962))","[[653.3090209960938, 566.3595581054688, 0.9658024907112122], [672.6202392578125, 544.343017578125, 0.9686753153800964], [634.4788208007812, 546.5804443359375, 0.9377615451812744], [712.087158203125, 539.497802734375, 0.8596495985984802], [616.752685546875, 543.9928588867188, 0.5151717662811279], [761.3707275390625, 636.3504028320312, 0.8340688943862915], [596.0346069335938, 610.8773193359375, 0.8452719449996948], [789.5697021484375, 720.0, 0.1940135955810547], [527.0955810546875, 638.0221557617188, 0.2410420924425125], [765.244140625, 717.1966552734375, 0.14044179022312164], [514.9635009765625, 614.8160400390625, 0.1776929348707199], [706.238037109375, 720.0, 0.09828128665685654], [601.8170166015625, 718.1710205078125, 0.10924149304628372], [714.3033447265625, 709.6951904296875, 0.030930131673812866], [597.2301025390625, 697.0401000976562, 0.036147892475128174], [681.541748046875, 684.323486328125, 0.02951187454164028], [609.6158447265625, 695.8982543945312, 0.033764079213142395]]",
17:40:43.184713,cam1,50,2,1,,"(np.float32(559.03925), np.float32(466.0518), np.float32(818.8661), np.float32(716.52936))","[[659.9454956054688, 572.8480224609375, 0.9612608551979065], [678.9098510742188, 550.6994018554688, 0.9701873064041138], [641.6285400390625, 552.0410766601562, 0.9291985034942627], [719.5983276367188, 540.7760620117188, 0.8646172881126404], [625.0827026367188, 543.3119506835938, 0.485658198595047], [766.2069091796875, 634.4476318359375, 0.8337144255638123], [603.5420532226562, 610.6957397460938, 0.7784726619720459], [795.0455932617188, 720.0, 0.19508585333824158], [547.99462890625, 659.0647583007812, 0.15081742405891418], [768.9881591796875, 720.0, 0.12674561142921448], [552.4888916015625, 652.70703125, 0.11341538280248642], [709.8385620117188, 720.0, 0.07438383996486664], [605.1752319335938, 709.5803833007812, 0.06934039294719696], [733.2133178710938, 712.5648803710938, 0.024294592440128326], [608.4576416015625, 701.3717651367188, 0.023596499115228653], [705.26953125, 670.784912109375, 0.022703232243657112], [622.4895629882812, 683.4201049804688, 0.02245539426803589]]",
17:40:43.345822,cam1,51,2,1,,"(np.float32(569.5371), np.float32(468.97028), np.float32(821.251), np.float32(716.83527))","[[668.7940063476562, 573.8692016601562, 0.9600722193717957], [686.9202880859375, 551.37060546875, 0.9682218432426453], [649.1637573242188, 554.0585327148438, 0.9358294606208801], [724.4198608398438, 543.3232421875, 0.8455613851547241], [629.1486206054688, 548.7466430664062, 0.533667802810669], [767.8750610351562, 640.320556640625, 0.8208954334259033], [608.4767456054688, 614.6748657226562, 0.7509965896606445], [798.1817016601562, 720.0, 0.1681145578622818], [552.875, 656.2717895507812, 0.12490773946046829], [771.0711669921875, 720.0, 0.10694834589958191], [561.5758056640625, 651.6956176757812, 0.09459705650806427], [709.0806884765625, 716.7301025390625, 0.0667581632733345], [607.0814208984375, 704.5733642578125, 0.0606936477124691], [732.6573486328125, 710.41162109375, 0.02485072799026966], [610.8193359375, 698.2691040039062, 0.023578695952892303], [706.6546020507812, 667.6901245117188, 0.025459403172135353], [622.9548950195312, 683.8367919921875, 0.02451145462691784]]",
17:40:43.492865,cam1,52,2,1,,"(np.float32(562.0597), np.float32(471.0608), np.float32(822.7752), np.float32(716.76385))","[[671.2869262695312, 573.892578125, 0.9614158272743225], [688.5401000976562, 551.1510009765625, 0.9655975103378296], [651.60498046875, 554.8073120117188, 0.9370253682136536], [725.5974731445312, 544.6246948242188, 0.8436203598976135], [632.1370849609375, 552.6453247070312, 0.5280145406723022], [775.3106079101562, 647.484375, 0.808099627494812], [609.6615600585938, 617.1741333007812, 0.8071601390838623], [796.419677734375, 720.0, 0.1523357331752777], [532.8208618164062, 633.793212890625, 0.17812876403331757], [768.009521484375, 718.5830078125, 0.11130136996507645], [513.58935546875, 624.0616455078125, 0.1350337415933609], [711.8651123046875, 720.0, 0.08184656500816345], [608.7973022460938, 709.9346923828125, 0.08693941682577133], [721.688720703125, 702.4593505859375, 0.03199225664138794], [610.495849609375, 687.8425903320312, 0.03574898838996887], [681.56396484375, 667.4075927734375, 0.03623105213046074], [621.2504272460938, 686.4205932617188, 0.03992374986410141]]",
17:40:43.636979,cam1,53,2,1,,"(np.float32(568.842), np.float32(471.9937), np.float32(824.2446), np.float32(716.7312))","[[672.9990844726562, 578.1394653320312, 0.9612582921981812], [690.2837524414062, 554.0991821289062, 0.9695351123809814], [651.921875, 558.789794921875, 0.9440462589263916], [727.9962768554688, 545.3621215820312, 0.8496186137199402], [630.8829345703125, 555.4620361328125, 0.5694116950035095], [773.6027221679688, 649.7940063476562, 0.7781087756156921], [611.4791259765625, 620.8692016601562, 0.7566137909889221], [800.8179321289062, 720.0, 0.116633839905262], [547.957763671875, 646.291748046875, 0.12280693650245667], [766.6876220703125, 719.4801635742188, 0.07979284971952438], [553.9338989257812, 643.2852172851562, 0.09181874990463257], [709.7717895507812, 716.8707275390625, 0.051085468381643295], [606.4993286132812, 702.8583984375, 0.05430898815393448], [728.0296020507812, 710.7134399414062, 0.021755218505859375], [604.2979736328125, 696.9254150390625, 0.02392967976629734], [704.7669677734375, 665.4593505859375, 0.024915901944041252], [619.446044921875, 687.9337768554688, 0.0265695471316576]]",
17:40:43.792711,cam1,54,2,1,WALKING,"(np.float32(552.7812), np.float32(474.38336), np.float32(824.6294), np.float32(716.81946))","[[671.3438110351562, 578.2014770507812, 0.9620716571807861], [690.927001953125, 554.9336547851562, 0.9695642590522766], [650.82080078125, 557.7650756835938, 0.948652446269989], [729.3148803710938, 549.2930908203125, 0.8507548570632935], [628.6943359375, 555.061279296875, 0.6098769903182983], [772.9733276367188, 652.98193359375, 0.7829101085662842], [600.3499755859375, 630.6862182617188, 0.7805063724517822], [801.5850830078125, 720.0, 0.10976393520832062], [542.9013671875, 679.3411865234375, 0.12358371913433075], [769.0545043945312, 720.0, 0.07358474284410477], [561.7737426757812, 688.4476318359375, 0.08483514189720154], [706.0172119140625, 718.183349609375, 0.04747295752167702], [595.993408203125, 707.6831665039062, 0.05197962373495102], [729.3624267578125, 715.0243530273438, 0.019975684583187103], [598.6061401367188, 704.1947631835938, 0.022601602599024773], [701.94580078125, 673.7786865234375, 0.023074716329574585], [617.9180908203125, 692.619140625, 0.025034690275788307]]",
17:40:43.954727,cam1,55,2,1,WALKING,"(np.float32(548.99286), np.float32(475.88022), np.float32(824.6863), np.float32(716.85583))","[[670.6952514648438, 578.4732055664062, 0.9616425633430481], [690.5384521484375, 555.3424682617188, 0.9701274633407593], [650.4852905273438, 557.5732421875, 0.9467706084251404], [729.3056640625, 549.906494140625, 0.856052041053772], [628.4747924804688, 554.2392578125, 0.5901815891265869], [772.6453247070312, 655.9654541015625, 0.7771091461181641], [601.5136108398438, 629.0047607421875, 0.7684788107872009], [800.1403198242188, 720.0, 0.10501311719417572], [540.8282470703125, 671.6903686523438, 0.11510065943002701], [762.9428100585938, 719.1749267578125, 0.07096018642187119], [554.4586181640625, 679.08447265625, 0.08032289147377014], [704.4866333007812, 718.254150390625, 0.04589169844985008], [595.3709716796875, 705.2623291015625, 0.049819961190223694], [723.8950805664062, 717.0977783203125, 0.019973149523139], [595.1614990234375, 702.52783203125, 0.022278809919953346], [699.232666015625, 673.4014282226562, 0.023348242044448853], [615.3657836914062, 689.4564819335938, 0.025139089673757553]]",
17:40:44.108337,cam1,56,2,1,WALKING,"(np.float32(549.77374), np.float32(477.05093), np.float32(824.8028), np.float32(716.9323))","[[668.9363403320312, 580.2191162109375, 0.9606286287307739], [688.8823852539062, 557.25732421875, 0.9708404541015625], [648.7216186523438, 559.8876342773438, 0.941084623336792], [728.6530151367188, 551.9970092773438, 0.8670717477798462], [627.5769653320312, 557.1676025390625, 0.5535246729850769], [771.3126831054688, 656.162109375, 0.7913044095039368], [604.61474609375, 628.756591796875, 0.7624056339263916], [799.5410766601562, 720.0, 0.1255231499671936], [545.0142822265625, 668.9502563476562, 0.11992431432008743], [764.39208984375, 717.706787109375, 0.08581564575433731], [560.1507568359375, 678.7166137695312, 0.08642153441905975], [704.5465087890625, 716.4360961914062, 0.05189051479101181], [597.9164428710938, 702.911865234375, 0.053306836634874344], [720.2818603515625, 716.484130859375, 0.02124052681028843], [593.7571411132812, 701.0639038085938, 0.02239317260682583], [700.6504516601562, 667.4334106445312, 0.023509880527853966], [613.6759643554688, 683.970458984375, 0.024497048929333687]]",
17:40:44.267590,cam1,57,2,1,WALKING,"(np.float32(559.3058), np.float32(478.65942), np.float32(823.13055), np.float32(717.24426))","[[667.795166015625, 583.8150634765625, 0.9584264159202576], [686.7443237304688, 560.0376586914062, 0.9687755107879639], [647.0804443359375, 563.3085327148438, 0.9423491954803467], [725.730224609375, 552.20703125, 0.8527630567550659], [625.466796875, 559.0148315429688, 0.5771445035934448], [771.1719970703125, 654.8230590820312, 0.7748499512672424], [602.7914428710938, 635.0343017578125, 0.754280686378479], [802.728759765625, 720.0, 0.10692297667264938], [556.0379028320312, 688.0559692382812, 0.10736557096242905], [765.02099609375, 720.0, 0.07347363233566284], [586.4596557617188, 688.9971923828125, 0.07705281674861908], [713.0457763671875, 719.9956665039062, 0.04576236009597778], [605.5090942382812, 710.4600830078125, 0.04793481528759003], [732.6015625, 718.1903076171875, 0.02078883722424507], [607.1539306640625, 707.847900390625, 0.022578343749046326], [709.1920776367188, 669.0128173828125, 0.024764643982052803], [629.5762939453125, 686.9435424804688, 0.026243356987833977]]",
17:40:44.419893,cam1,58,2,1,WALKING,"(np.float32(554.34247), np.float32(479.7036), np.float32(821.9905), np.float32(717.49646))","[[662.0712890625, 584.5509033203125, 0.9609699845314026], [682.8339233398438, 561.7017822265625, 0.9713116884231567], [642.4586791992188, 562.9534912109375, 0.942747175693512], [723.161376953125, 555.9308471679688, 0.8674415349960327], [621.5775146484375, 557.7954711914062, 0.560270369052887], [768.5924682617188, 657.6857299804688, 0.784676730632782], [597.849365234375, 633.46142578125, 0.7653441429138184], [803.5327758789062, 720.0, 0.11591929197311401], [544.35986328125, 678.3903198242188, 0.11691197007894516], [766.7952880859375, 720.0, 0.07903622835874557], [562.1486206054688, 675.9329833984375, 0.084148108959198], [710.4490966796875, 720.0, 0.048273105174303055], [600.886962890625, 713.3361206054688, 0.05086628347635269], [730.1487426757812, 720.0, 0.020025350153446198], [600.3402099609375, 708.7100830078125, 0.021768415346741676], [707.5389404296875, 678.347412109375, 0.022534945979714394], [620.983154296875, 688.4450073242188, 0.02400677278637886]]",
17:40:44.579865,cam1,59,2,1,WALKING,"(np.float32(562.2298), np.float32(480.8012), np.float32(821.2694), np.float32(717.7546))","[[657.6529541015625, 585.9476318359375, 0.9592846035957336], [679.427734375, 564.149658203125, 0.9719713926315308], [639.0558471679688, 564.380126953125, 0.9365264773368835], [720.658203125, 560.638671875, 0.8801034092903137], [619.6950073242188, 559.8517456054688, 0.5198805928230286], [766.1857299804688, 659.296630859375, 0.7887924313545227], [600.045166015625, 632.904296875, 0.749138593673706], [804.6115112304688, 720.0, 0.12556003034114838], [551.4281616210938, 675.087158203125, 0.1129012256860733], [766.418701171875, 720.0, 0.08461957424879074], [566.3404541015625, 671.3912963867188, 0.0821928083896637], [711.6041259765625, 720.0, 0.050118036568164825], [604.5975341796875, 711.51513671875, 0.05062086507678032], [726.1718139648438, 720.0, 0.02079455554485321], [598.8253173828125, 704.3535766601562, 0.021657945588231087], [706.47265625, 682.6221923828125, 0.023175621405243874], [619.429443359375, 686.489013671875, 0.02412061020731926]]",
17:40:44.736985,cam1,60,2,1,WALKING,"(np.float32(571.1803), np.float32(481.34134), np.float32(819.9197), np.float32(718.12213))","[[653.6895141601562, 584.1506958007812, 0.9550279378890991], [675.345947265625, 562.5487670898438, 0.9722616076469421], [635.4844360351562, 563.8766479492188, 0.9234506487846375], [717.9209594726562, 559.8052978515625, 0.8917275667190552], [618.1447143554688, 561.2431030273438, 0.45847705006599426], [764.4879150390625, 656.073974609375, 0.8003653883934021], [600.8296508789062, 633.3419799804688, 0.7088631391525269], [804.5355834960938, 720.0, 0.1463971883058548], [556.4788818359375, 677.7545166015625, 0.09441918134689331], [763.8260498046875, 720.0, 0.09590384364128113], [578.1610107421875, 670.7074584960938, 0.07214686274528503], [712.1178588867188, 720.0, 0.05515528470277786], [606.30322265625, 713.6815795898438, 0.04850689694285393], [728.1223754882812, 720.0, 0.023189837113022804], [601.7546997070312, 706.259033203125, 0.0211833193898201], [713.326904296875, 683.7708129882812, 0.025640137493610382], [623.54443359375, 689.1577758789062, 0.024525128304958344]]",
17:40:44.898304,cam1,61,2,1,WALKING,"(np.float32(571.3722), np.float32(481.34818), np.float32(819.33777), np.float32(718.40674))","[[652.2730102539062, 583.2979736328125, 0.9563273787498474], [674.2882690429688, 561.6583862304688, 0.972976803779602], [634.2283325195312, 562.8961791992188, 0.9281827211380005], [717.423828125, 559.3463134765625, 0.8934260606765747], [617.2637329101562, 560.478759765625, 0.4732203185558319], [765.3489990234375, 656.9352416992188, 0.7855247855186462], [598.2982177734375, 634.3536376953125, 0.7201594114303589], [804.1263427734375, 720.0, 0.12457829713821411], [550.5675659179688, 677.8580322265625, 0.09417352825403214], [763.7039794921875, 720.0, 0.08084537088871002], [565.4931640625, 667.5960693359375, 0.06909820437431335], [713.2970581054688, 720.0, 0.05003764480352402], [605.7384643554688, 714.3024291992188, 0.04725361987948418], [729.0191040039062, 720.0, 0.021783530712127686], [601.520751953125, 707.5699462890625, 0.021298760548233986], [712.3390502929688, 686.375244140625, 0.02511005476117134], [625.1636962890625, 691.68359375, 0.025185314938426018]]",
17:40:45.051654,cam1,62,2,1,WALKING,"(np.float32(554.2011), np.float32(480.6102), np.float32(817.7205), np.float32(716.9713))","[[652.0120239257812, 583.0070190429688, 0.9641661643981934], [673.9268188476562, 561.5352172851562, 0.9684736728668213], [634.246337890625, 562.2449340820312, 0.9479625821113586], [715.7976684570312, 559.2206420898438, 0.8572907447814941], [617.4718017578125, 560.0184326171875, 0.592903733253479], [764.7407836914062, 652.79150390625, 0.7746089100837708], [590.9008178710938, 638.7001953125, 0.8362332582473755], [798.9982299804688, 720.0, 0.10294365882873535], [544.3899536132812, 699.9666748046875, 0.1799488514661789], [756.3943481445312, 718.2662353515625, 0.07524915784597397], [559.9002075195312, 686.6349487304688, 0.11919791996479034], [710.3513793945312, 720.0, 0.05349806696176529], [599.71484375, 720.0, 0.07231111079454422], [724.5463256835938, 716.8648681640625, 0.022367216646671295], [601.1768188476562, 707.2318725585938, 0.03120390512049198], [694.2135620117188, 698.9095458984375, 0.02707904949784279], [631.4558715820312, 704.2220458984375, 0.034319277852773666]]",
17:40:45.212289,cam1,63,2,1,WALKING,"(np.float32(546.07794), np.float32(480.2848), np.float32(816.8181), np.float32(716.2909))","[[651.5888671875, 580.6278076171875, 0.9640251994132996], [673.7998657226562, 559.3603515625, 0.9685718417167664], [633.86181640625, 560.0950927734375, 0.9488340616226196], [715.7222900390625, 558.48583984375, 0.8579779863357544], [617.044677734375, 559.134033203125, 0.5986663699150085], [764.637451171875, 653.9588623046875, 0.7681115865707397], [589.2807006835938, 638.503173828125, 0.834095299243927], [797.5302124023438, 720.0, 0.0945550948381424], [542.5537109375, 697.47802734375, 0.17223413288593292], [756.59326171875, 719.23095703125, 0.06757721304893494], [558.1581420898438, 681.3452758789062, 0.11127909272909164], [708.2457885742188, 720.0, 0.050992805510759354], [597.0390625, 720.0, 0.07012191414833069], [721.2733154296875, 717.3309326171875, 0.02182096615433693], [599.1007690429688, 707.5493774414062, 0.03099116124212742], [688.6996459960938, 700.0867919921875, 0.02736949920654297], [630.6350708007812, 706.020751953125, 0.03506292775273323]]",
17:40:45.354243,cam1,64,2,1,WALKING,"(np.float32(538.27826), np.float32(479.36688), np.float32(816.3188), np.float32(717.1534))","[[651.69384765625, 577.914306640625, 0.964108943939209], [673.9439697265625, 556.5294189453125, 0.9724269509315491], [633.1784057617188, 557.162353515625, 0.9490984678268433], [714.3684692382812, 556.1069946289062, 0.8713832497596741], [613.624755859375, 556.198974609375, 0.5961682796478271], [760.7578125, 653.1221313476562, 0.7822880744934082], [584.9951171875, 636.31494140625, 0.8048406839370728], [798.56591796875, 720.0, 0.10986925661563873], [536.4518432617188, 696.028564453125, 0.14068017899990082], [762.408203125, 720.0, 0.07389667630195618], [557.6414794921875, 684.0455322265625, 0.0942363366484642], [708.587646484375, 720.0, 0.044770561158657074], [595.8428344726562, 719.4165649414062, 0.05301360413432121], [730.0985107421875, 716.8015747070312, 0.018098441883921623], [595.4871215820312, 706.9240112304688, 0.021998729556798935], [706.1495361328125, 693.56884765625, 0.020411014556884766], [620.5169067382812, 699.8936157226562, 0.023488877341151237]]",
17:40:45.501824,cam1,65,2,1,WALKING,"(np.float32(532.875), np.float32(478.48184), np.float32(815.786), np.float32(717.35986))","[[651.6098022460938, 578.1549072265625, 0.9644374847412109], [674.1370239257812, 556.88720703125, 0.9725465774536133], [632.8562622070312, 557.3108520507812, 0.9481810331344604], [714.8029174804688, 556.2230224609375, 0.8713474273681641], [612.75732421875, 555.8502197265625, 0.5887807607650757], [759.2343139648438, 652.566650390625, 0.7933605313301086], [585.3206176757812, 633.5548706054688, 0.8058946132659912], [796.7853393554688, 720.0, 0.12168926745653152], [533.0299072265625, 690.1946411132812, 0.14654216170310974], [765.0184326171875, 720.0, 0.07992266863584518], [549.378173828125, 685.9039916992188, 0.09744764864444733], [706.1035766601562, 720.0, 0.050053440034389496], [594.4998168945312, 716.3289794921875, 0.05759863555431366], [726.9649658203125, 720.0, 0.018564535304903984], [593.6063842773438, 709.6024169921875, 0.021895671263337135], [704.4636840820312, 691.2649536132812, 0.01984960213303566], [616.6307373046875, 697.6031494140625, 0.022375700995326042]]",
17:40:45.669741,cam1,66,2,1,WALKING,"(np.float32(529.14136), np.float32(478.3269), np.float32(815.93604), np.float32(717.49097))","[[653.2325439453125, 576.3612670898438, 0.9620691537857056], [674.9100341796875, 554.6158447265625, 0.9684297442436218], [633.8517456054688, 555.834228515625, 0.9507463574409485], [713.5773315429688, 554.466064453125, 0.8626578450202942], [612.3065795898438, 556.0694580078125, 0.6249744296073914], [759.810302734375, 655.5244140625, 0.7869582772254944], [586.7604370117188, 636.3253784179688, 0.8216311931610107], [797.9209594726562, 720.0, 0.11329387128353119], [533.1722412109375, 683.9378662109375, 0.16211463510990143], [766.1154174804688, 717.7020263671875, 0.08261153101921082], [550.4453735351562, 662.8082275390625, 0.11521325260400772], [704.4920654296875, 720.0, 0.05564064532518387], [595.6802368164062, 712.899169921875, 0.06558018177747726], [723.3612060546875, 714.6492919921875, 0.02301066368818283], [600.9668579101562, 701.7192993164062, 0.028798826038837433], [691.1336669921875, 685.2073364257812, 0.025502094998955727], [614.4623413085938, 690.80712890625, 0.030346307903528214]]",
17:40:45.833889,cam1,67,2,1,WALKING,"(np.float32(524.63916), np.float32(477.2905), np.float32(815.7873), np.float32(717.3904))","[[652.148681640625, 575.0245361328125, 0.9660648703575134], [674.1085205078125, 553.355224609375, 0.968979001045227], [632.8841552734375, 553.9918212890625, 0.9559424519538879], [712.2684936523438, 553.2593994140625, 0.8568625450134277], [610.8311157226562, 553.7418823242188, 0.6568103432655334], [757.7616577148438, 650.9337768554688, 0.8011878132820129], [583.1624755859375, 636.3497314453125, 0.8561417460441589], [800.787353515625, 720.0, 0.13130435347557068], [530.3195190429688, 691.8682861328125, 0.21409760415554047], [769.78466796875, 717.9393920898438, 0.10181612521409988], [554.249267578125, 665.8199462890625, 0.15615294873714447], [705.8609008789062, 720.0, 0.059192340821027756], [595.2698974609375, 714.7241821289062, 0.07445945590734482], [728.105712890625, 710.0595092773438, 0.02218788117170334], [599.8433227539062, 699.6669921875, 0.02955610118806362], [699.6055908203125, 688.359130859375, 0.022416390478610992], [612.9951171875, 691.1751708984375, 0.0278297271579504]]",
17:40:45.975737,cam1,68,2,1,WALKING,"(np.float32(522.28094), np.float32(476.7894), np.float32(815.1877), np.float32(717.3549))","[[652.1998291015625, 575.8181762695312, 0.9659074544906616], [673.7784423828125, 553.66015625, 0.969108521938324], [632.3429565429688, 554.9736328125, 0.9543100595474243], [712.015380859375, 552.25146484375, 0.8564348220825195], [609.9505615234375, 554.422607421875, 0.6460780501365662], [756.4276733398438, 649.3003540039062, 0.8095633387565613], [584.1482543945312, 635.3533325195312, 0.851679801940918], [799.3043212890625, 720.0, 0.14475494623184204], [528.5146484375, 691.3795166015625, 0.212424635887146], [767.7537841796875, 717.1089477539062, 0.11244094371795654], [551.3075561523438, 671.2307739257812, 0.1584336757659912], [705.0216064453125, 720.0, 0.06273803114891052], [596.1539916992188, 714.0563354492188, 0.07533971965312958], [726.837646484375, 710.9207153320312, 0.022791266441345215], [601.720458984375, 700.7659912109375, 0.02893785387277603], [700.7601928710938, 684.6105346679688, 0.022273752838373184], [614.5111083984375, 689.5142822265625, 0.026778196915984154]]",
17:40:46.124714,cam1,69,2,1,WALKING,"(np.float32(520.9933), np.float32(476.29736), np.float32(814.69525), np.float32(717.40314))","[[652.7957153320312, 576.116943359375, 0.9659444093704224], [674.1522216796875, 553.9351196289062, 0.9690623879432678], [632.7620849609375, 555.3648681640625, 0.9539293050765991], [712.093017578125, 551.4964599609375, 0.8538833260536194], [609.9696655273438, 554.0428466796875, 0.6441077589988708], [756.1022338867188, 646.8047485351562, 0.818580150604248], [582.8204345703125, 633.1041259765625, 0.8486570119857788], [798.7188720703125, 720.0, 0.1568845957517624], [525.7515869140625, 692.7666625976562, 0.20932811498641968], [767.4285888671875, 718.13427734375, 0.11766628175973892], [547.9583740234375, 688.0230712890625, 0.1521872878074646], [703.8961181640625, 720.0, 0.06641042977571487], [594.3914184570312, 714.6934204101562, 0.07626885920763016], [727.1788330078125, 712.6710205078125, 0.022996993735432625], [600.6326904296875, 702.2327270507812, 0.027888664975762367], [701.7874145507812, 684.6956176757812, 0.022123437374830246], [614.1978149414062, 690.634765625, 0.025737304240465164]]",
17:40:46.277761,cam1,70,2,1,WALKING,"(np.float32(520.6326), np.float32(475.70276), np.float32(814.4537), np.float32(717.4669))","[[653.16455078125, 576.96337890625, 0.9656274914741516], [673.9759521484375, 553.9722290039062, 0.9690554141998291], [632.254638671875, 556.474853515625, 0.9520355463027954], [712.4774780273438, 549.58447265625, 0.8525949716567993], [609.1041870117188, 554.7460327148438, 0.632179856300354], [756.6560668945312, 644.8278198242188, 0.8246066570281982], [583.86767578125, 631.9530639648438, 0.8455386757850647], [798.0623779296875, 720.0, 0.16990356147289276], [526.0989990234375, 690.6858520507812, 0.2112703025341034], [767.7540893554688, 717.5963134765625, 0.1284811645746231], [549.632568359375, 683.5249633789062, 0.15840961039066315], [704.1551513671875, 719.961181640625, 0.07054182142019272], [594.7896118164062, 713.2246704101562, 0.07844451814889908], [727.970458984375, 711.9759521484375, 0.02353859879076481], [600.7932739257812, 702.9891967773438, 0.027690934017300606], [703.3907470703125, 677.2874755859375, 0.02193870022892952], [612.8603515625, 687.2421875, 0.025000395253300667]]",
17:40:46.439762,cam1,71,2,1,WALKING,"(np.float32(520.4443), np.float32(474.82556), np.float32(814.7957), np.float32(717.5614))","[[653.4193725585938, 572.868408203125, 0.9659388661384583], [674.5868530273438, 550.7073364257812, 0.9691430926322937], [633.3258056640625, 552.498046875, 0.952198326587677], [712.5146484375, 548.265625, 0.853887140750885], [610.5842895507812, 551.6083984375, 0.6308959126472473], [756.1932373046875, 643.3536987304688, 0.8298976421356201], [582.8577880859375, 630.0805053710938, 0.8459004759788513], [798.36962890625, 720.0, 0.17581816017627716], [524.8269653320312, 691.0277709960938, 0.2086719274520874], [768.89697265625, 718.1505126953125, 0.1280342936515808], [546.0540161132812, 697.0205078125, 0.1503928154706955], [704.7579345703125, 720.0, 0.07320987433195114], [595.0742797851562, 715.835205078125, 0.0796089917421341], [731.7787475585938, 714.4090576171875, 0.02382183074951172], [604.2437744140625, 704.4033203125, 0.027395248413085938], [709.4129028320312, 684.8275146484375, 0.022144865244627], [619.8682861328125, 692.5171508789062, 0.02487262338399887]]",
17:40:46.591550,cam1,72,2,1,WALKING,"(np.float32(519.6269), np.float32(473.6464), np.float32(815.08997), np.float32(717.5927))","[[653.018798828125, 572.4072875976562, 0.9665158987045288], [674.4121704101562, 550.292724609375, 0.9689399003982544], [633.0057983398438, 551.7728271484375, 0.9539809226989746], [712.3576049804688, 547.8888549804688, 0.8517416715621948], [610.1635131835938, 550.5820922851562, 0.643685519695282], [756.38037109375, 642.6763916015625, 0.8296130299568176], [581.1716918945312, 630.2247314453125, 0.8535203337669373], [798.3546142578125, 720.0, 0.17188553512096405], [526.6241455078125, 696.1654052734375, 0.21685387194156647], [768.6990356445312, 718.9793701171875, 0.12525182962417603], [549.1490478515625, 704.0692138671875, 0.15263350307941437], [704.1370239257812, 720.0, 0.07163967192173004], [592.9048461914062, 715.01220703125, 0.08009278029203415], [732.5540771484375, 712.6539916992188, 0.023335957899689674], [601.1427001953125, 702.9774169921875, 0.027609243988990784], [709.0708618164062, 684.9198608398438, 0.02183234505355358], [617.1314086914062, 692.1282958984375, 0.02497221902012825]]",
17:40:46.751250,cam1,73,2,1,WALKING,"(np.float32(519.4718), np.float32(473.04047), np.float32(814.89594), np.float32(717.6134))","[[654.4087524414062, 573.60107421875, 0.9666675925254822], [675.0485229492188, 551.53076171875, 0.968094527721405], [634.616455078125, 552.9104614257812, 0.9548467993736267], [712.096435546875, 547.8017578125, 0.8423988819122314], [611.5811157226562, 550.3981323242188, 0.6523928642272949], [756.692138671875, 642.2537231445312, 0.8299104571342468], [581.006103515625, 629.6375732421875, 0.8547264933586121], [796.7911376953125, 720.0, 0.1716153621673584], [526.6084594726562, 696.2745361328125, 0.2186049520969391], [767.316162109375, 718.62744140625, 0.12467706203460693], [549.0614013671875, 704.2398681640625, 0.1536555141210556], [704.4922485351562, 720.0, 0.07147209346294403], [592.81396484375, 714.2802124023438, 0.08006781339645386], [733.1842651367188, 710.6581420898438, 0.023435577750205994], [600.395263671875, 701.4337768554688, 0.027724480256438255], [707.9069213867188, 681.09716796875, 0.02203367091715336], [616.1888427734375, 689.0314331054688, 0.02511262334883213]]",
17:40:46.903364,cam1,74,2,1,,"(np.float32(519.06134), np.float32(472.3069), np.float32(815.20135), np.float32(717.5871))","[[655.0401000976562, 574.9118041992188, 0.9670210480690002], [675.3407592773438, 552.2489624023438, 0.9677327275276184], [634.8236083984375, 553.9800415039062, 0.9571753144264221], [712.383056640625, 546.9852905273438, 0.83713698387146], [611.231201171875, 550.6090698242188, 0.6709559559822083], [758.3231811523438, 642.6914672851562, 0.822898805141449], [579.4348754882812, 632.0370483398438, 0.8598402142524719], [798.2545776367188, 720.0, 0.1542615443468094], [527.12841796875, 701.674072265625, 0.21610213816165924], [766.6271362304688, 718.9244995117188, 0.1131080761551857], [551.2407836914062, 709.4249267578125, 0.14864668250083923], [704.6491088867188, 720.0, 0.06735383719205856], [591.277099609375, 715.3468627929688, 0.07871334254741669], [731.3150634765625, 713.3905029296875, 0.022852521389722824], [598.5335693359375, 705.4678955078125, 0.0281523484736681], [703.2840576171875, 681.3758544921875, 0.021951861679553986], [616.599609375, 690.8925170898438, 0.025654951110482216]]",
17:40:47.067286,cam1,75,2,1,,"(np.float32(519.21423), np.float32(471.9389), np.float32(815.4015), np.float32(717.5722))","[[654.8978271484375, 575.6578369140625, 0.9663877487182617], [675.4776000976562, 553.2012939453125, 0.9674479961395264], [634.9078979492188, 554.284912109375, 0.9556763768196106], [712.3492431640625, 548.0708618164062, 0.8367286324501038], [611.1809692382812, 550.1903686523438, 0.6619834303855896], [757.2548217773438, 642.5481567382812, 0.822799026966095], [581.4338989257812, 631.01904296875, 0.8532715439796448], [798.8992919921875, 720.0, 0.15756921470165253], [528.58154296875, 698.589599609375, 0.2098217010498047], [767.030029296875, 717.8323974609375, 0.11547649651765823], [548.971923828125, 704.9727783203125, 0.14684708416461945], [706.0195922851562, 719.3267211914062, 0.06763096898794174], [594.5869140625, 713.369384765625, 0.07724033296108246], [730.606201171875, 711.9690551757812, 0.023196406662464142], [600.46923828125, 702.7459716796875, 0.02785312384366989], [703.5679931640625, 680.7344970703125, 0.022265970706939697], [616.9998168945312, 687.1478271484375, 0.025579212233424187]]",
17:40:47.223408,cam1,76,2,1,,"(np.float32(525.22485), np.float32(470.5065), np.float32(815.91864), np.float32(717.5704))","[[654.2411499023438, 571.77490234375, 0.9626243710517883], [675.0034790039062, 549.484375, 0.9683863520622253], [634.6869506835938, 551.207275390625, 0.9478254914283752], [713.5576171875, 545.9002685546875, 0.8601787686347961], [613.43505859375, 549.1954345703125, 0.6056166887283325], [760.0472412109375, 644.1233520507812, 0.8092749714851379], [587.326416015625, 629.0221557617188, 0.8247516751289368], [796.92724609375, 720.0, 0.14002276957035065], [534.6624755859375, 686.3522338867188, 0.16811616718769073], [764.0556030273438, 716.5787353515625, 0.09843536466360092], [547.3702392578125, 685.6519775390625, 0.11702711135149002], [706.4080810546875, 720.0, 0.06527649611234665], [597.4077758789062, 712.3219604492188, 0.07130870968103409], [727.9996337890625, 713.9027099609375, 0.024676237255334854], [603.3603515625, 702.9923095703125, 0.02849796786904335], [700.50048828125, 682.3240966796875, 0.025573143735527992], [621.665283203125, 690.4529418945312, 0.02884060889482498]]",
17:40:47.374878,cam1,77,2,1,,"(np.float32(527.2523), np.float32(469.73004), np.float32(816.103), np.float32(717.5485))","[[654.1536254882812, 571.01220703125, 0.962972104549408], [675.1963500976562, 548.8948974609375, 0.9685226678848267], [634.9352416992188, 550.1202392578125, 0.9491599202156067], [714.0228271484375, 545.6024169921875, 0.861731767654419], [614.0275268554688, 547.7279052734375, 0.6112944483757019], [761.138427734375, 644.9092407226562, 0.8039031028747559], [586.78759765625, 628.6876220703125, 0.8288130164146423], [797.6971435546875, 720.0, 0.12985315918922424], [534.3391723632812, 686.8316650390625, 0.16795015335083008], [763.70849609375, 716.716552734375, 0.09126221388578415], [546.5116577148438, 689.2547607421875, 0.11382433772087097], [705.9535522460938, 720.0, 0.06255477666854858], [596.0025024414062, 712.2763061523438, 0.0705963671207428], [727.0534057617188, 715.3330688476562, 0.024091124534606934], [602.0350341796875, 703.275146484375, 0.02874319814145565], [698.1746826171875, 684.9241943359375, 0.02548661269247532], [621.363037109375, 691.672607421875, 0.029400045052170753]]",
17:40:47.531367,cam1,78,2,1,,"(np.float32(528.4889), np.float32(469.4675), np.float32(816.19037), np.float32(717.54767))","[[654.5341186523438, 570.7905883789062, 0.961660623550415], [675.0722045898438, 548.58154296875, 0.9684056043624878], [635.4700927734375, 550.2724609375, 0.9467700719833374], [714.1078491210938, 544.4551391601562, 0.8635761737823486], [615.4515991210938, 547.7703857421875, 0.5995588898658752], [762.6595458984375, 643.1199340820312, 0.804951548576355], [586.8236083984375, 629.564453125, 0.8186491131782532], [797.626708984375, 720.0, 0.12992605566978455], [534.3439331054688, 691.6431884765625, 0.15309618413448334], [763.2633056640625, 717.0176391601562, 0.0884941965341568], [545.6693115234375, 698.1802978515625, 0.1020733043551445], [706.1439819335938, 720.0, 0.062405794858932495], [595.2288818359375, 713.5247802734375, 0.06742963939905167], [730.0908813476562, 714.810791015625, 0.024682532995939255], [602.9994506835938, 704.8284301757812, 0.028292030096054077], [698.4150390625, 685.2051391601562, 0.026729438453912735], [620.8885498046875, 694.3048095703125, 0.030001260340213776]]",
17:40:47.693677,cam1,79,2,1,,"(np.float32(535.0056), np.float32(468.72452), np.float32(815.7284), np.float32(717.4699))","[[654.2025146484375, 572.8785400390625, 0.9632400274276733], [674.857666015625, 551.4127197265625, 0.9717094302177429], [636.4721069335938, 551.7848510742188, 0.9391258358955383], [715.288818359375, 545.4966430664062, 0.8701786398887634], [618.8973388671875, 545.6517333984375, 0.536653995513916], [762.057373046875, 639.87841796875, 0.8239617347717285], [590.4205322265625, 623.5548706054688, 0.7949302792549133], [795.766845703125, 720.0, 0.15680623054504395], [542.1848754882812, 690.78125, 0.1377645879983902], [761.2996826171875, 720.0, 0.09757519513368607], [552.694580078125, 690.5069580078125, 0.09247096627950668], [707.0287475585938, 720.0, 0.06200806796550751], [596.35107421875, 718.4165649414062, 0.06177208945155144], [732.3616943359375, 720.0, 0.02142404019832611], [598.9639892578125, 714.1435546875, 0.02205132134258747], [706.0199584960938, 690.1800537109375, 0.02110055461525917], [620.2037963867188, 697.673583984375, 0.021674036979675293]]",
17:40:47.853557,cam1,80,2,1,,"(np.float32(552.2438), np.float32(468.2505), np.float32(815.705), np.float32(717.37964))","[[656.2825317382812, 574.4828491210938, 0.9606608748435974], [676.4429321289062, 552.7463989257812, 0.970553994178772], [638.2642822265625, 553.06884765625, 0.9320874214172363], [716.7415771484375, 544.7306518554688, 0.8655865788459778], [620.2694702148438, 544.98681640625, 0.5064994096755981], [762.1762084960938, 637.6078491210938, 0.8291168808937073], [594.9497680664062, 620.399658203125, 0.7678650617599487], [795.5465087890625, 720.0, 0.17297904193401337], [549.156005859375, 685.9013671875, 0.12396537512540817], [762.77001953125, 720.0, 0.10680128633975983], [561.2147216796875, 685.9649658203125, 0.08726120740175247], [708.0030517578125, 720.0, 0.06699199974536896], [599.8720703125, 714.9710693359375, 0.0608321838080883], [731.976806640625, 720.0, 0.023356065154075623], [601.7823486328125, 713.3349609375, 0.021950863301753998], [706.8194580078125, 685.0225830078125, 0.022671688348054886], [621.0866088867188, 692.8421630859375, 0.021847572177648544]]",
17:40:48.008606,cam1,81,2,1,,"(np.float32(557.2908), np.float32(467.70575), np.float32(815.9132), np.float32(717.1234))","[[657.721923828125, 574.2659301757812, 0.9611803293228149], [677.8673706054688, 552.6485595703125, 0.9700029492378235], [639.9171142578125, 552.3090209960938, 0.9327345490455627], [717.8004150390625, 544.2135620117188, 0.8598310351371765], [621.341796875, 542.9841918945312, 0.5100605487823486], [762.560791015625, 638.2758178710938, 0.83372962474823], [594.382080078125, 618.2071533203125, 0.769568920135498], [795.6129150390625, 720.0, 0.17936885356903076], [549.1241455078125, 682.2835693359375, 0.12685531377792358], [763.6919555664062, 720.0, 0.11209316551685333], [562.8369140625, 682.2872314453125, 0.09069782495498657], [704.9400024414062, 720.0, 0.06873957812786102], [595.9064331054688, 712.8941650390625, 0.061864692717790604], [729.2493896484375, 720.0, 0.023521563038229942], [597.3381958007812, 711.4617919921875, 0.021898601204156876], [703.72216796875, 682.6485595703125, 0.022350037470459938], [616.8528442382812, 689.3634643554688, 0.021323656663298607]]",
17:40:48.158828,cam1,82,2,1,,"(np.float32(544.70374), np.float32(467.0534), np.float32(816.5159), np.float32(717.1038))","[[660.0169067382812, 574.4639892578125, 0.9620809555053711], [681.0639038085938, 552.1893310546875, 0.9670380353927612], [640.628173828125, 552.2077026367188, 0.9411733150482178], [720.96044921875, 544.6073608398438, 0.8517826199531555], [619.2158813476562, 544.4502563476562, 0.5730206370353699], [764.507080078125, 640.5800170898438, 0.8443609476089478], [591.590087890625, 622.1453247070312, 0.8209478259086609], [795.4406127929688, 720.0, 0.19824665784835815], [539.5950927734375, 686.042724609375, 0.17847125232219696], [767.2320556640625, 714.0658569335938, 0.1386728137731552], [553.3869018554688, 696.05810546875, 0.12999236583709717], [703.237548828125, 718.706787109375, 0.0848686546087265], [592.5343017578125, 709.4876708984375, 0.08050063252449036], [732.746826171875, 717.6119384765625, 0.027017734944820404], [602.3716430664062, 705.6436157226562, 0.027342254295945168], [699.1919555664062, 673.0733642578125, 0.02433210238814354], [610.9271850585938, 680.8311767578125, 0.02498120255768299]]",
17:40:48.325665,cam1,83,2,1,,"(np.float32(533.0595), np.float32(466.53632), np.float32(816.8762), np.float32(717.02594))","[[661.0347900390625, 572.2546997070312, 0.9643980264663696], [682.166259765625, 550.4532470703125, 0.9675910472869873], [642.1581420898438, 550.2089233398438, 0.9456753134727478], [721.5782470703125, 543.6782836914062, 0.8500895500183105], [620.91748046875, 543.016845703125, 0.5963653326034546], [764.26416015625, 638.0474853515625, 0.8474688529968262], [589.3801879882812, 622.438232421875, 0.8412054181098938], [796.8291015625, 720.0, 0.20404230058193207], [533.8147583007812, 690.0573120117188, 0.20247118175029755], [768.658935546875, 714.393798828125, 0.14481954276561737], [549.1129760742188, 702.0257568359375, 0.1449294239282608], [701.2208251953125, 717.635498046875, 0.08585914224386215], [589.2423095703125, 709.7716064453125, 0.08514633774757385], [732.044921875, 714.691162109375, 0.026236727833747864], [599.4334716796875, 704.3037719726562, 0.027641860768198967], [700.3477172851562, 674.588623046875, 0.023091953247785568], [609.1307373046875, 681.247802734375, 0.02434403821825981]]",
17:40:48.468112,cam1,84,2,1,,"(np.float32(536.7551), np.float32(466.35266), np.float32(817.38715), np.float32(717.08374))","[[662.51171875, 572.6797485351562, 0.9620183706283569], [683.9457397460938, 550.550048828125, 0.9664739370346069], [642.9727783203125, 550.48583984375, 0.9410364627838135], [722.9109497070312, 544.3660888671875, 0.8467751145362854], [620.3926391601562, 543.8799438476562, 0.5772822499275208], [764.0068969726562, 638.867431640625, 0.8512773513793945], [593.3419799804688, 621.1944580078125, 0.8161941766738892], [798.5907592773438, 720.0, 0.21669010818004608], [538.6714477539062, 682.806396484375, 0.17818821966648102], [770.1954956054688, 714.2882690429688, 0.15125486254692078], [550.4927978515625, 693.181884765625, 0.1337926983833313], [704.1043090820312, 716.7324829101562, 0.08908776193857193], [595.002685546875, 707.93701171875, 0.08079441636800766], [735.0845336914062, 714.1492309570312, 0.02765713818371296], [607.1435546875, 702.2100830078125, 0.026737673208117485], [702.90869140625, 672.5927124023438, 0.02438906766474247], [613.3379516601562, 678.3875732421875, 0.024215981364250183]]",
17:40:48.635861,cam1,85,2,1,,"(np.float32(532.6464), np.float32(466.83636), np.float32(817.83136), np.float32(716.9131))","[[665.8695068359375, 573.509033203125, 0.9646755456924438], [686.5511474609375, 551.2542114257812, 0.9657101035118103], [646.2741088867188, 551.5115966796875, 0.9530107975006104], [724.592041015625, 544.324951171875, 0.8321775197982788], [623.46435546875, 544.7427368164062, 0.6477571725845337], [768.4666748046875, 641.6170654296875, 0.8219908475875854], [590.6231689453125, 623.4212036132812, 0.8477746248245239], [798.49755859375, 720.0, 0.14891305565834045], [535.947265625, 694.1312255859375, 0.1969917267560959], [767.243896484375, 714.9721069335938, 0.1065666526556015], [554.3818359375, 704.6943359375, 0.13302530348300934], [703.9378051757812, 716.5215454101562, 0.06701620668172836], [591.3341674804688, 707.4596557617188, 0.07539989054203033], [728.416015625, 708.352783203125, 0.02351112850010395], [599.3483276367188, 696.227783203125, 0.02807554416358471], [691.0132446289062, 668.087158203125, 0.023687470704317093], [611.6248168945312, 676.6566162109375, 0.027036471292376518]]",
17:40:48.781585,cam1,86,2,1,WALKING,"(np.float32(529.837), np.float32(467.10486), np.float32(817.8987), np.float32(716.7433))","[[665.8436279296875, 572.73291015625, 0.9664520025253296], [686.9522094726562, 550.9859008789062, 0.9660259485244751], [646.94677734375, 550.3460083007812, 0.9553368091583252], [725.20361328125, 544.6493530273438, 0.8324483036994934], [624.6011962890625, 543.0590209960938, 0.6607645750045776], [768.3360595703125, 641.5403442382812, 0.8283134698867798], [588.9811401367188, 624.250244140625, 0.8642852306365967], [800.017822265625, 720.0, 0.15732574462890625], [533.9154663085938, 698.2088623046875, 0.22284314036369324], [767.5504760742188, 715.51123046875, 0.11681007593870163], [556.1849365234375, 707.7167358398438, 0.1522694081068039], [702.01220703125, 716.5960693359375, 0.06980346888303757], [588.1703491210938, 708.036865234375, 0.08115305006504059], [729.9170532226562, 710.4181518554688, 0.023293327540159225], [599.6707153320312, 698.5508422851562, 0.028791358694434166], [693.5317993164062, 672.4022827148438, 0.022205526009202003], [612.40869140625, 678.0640869140625, 0.025967378169298172]]",
17:40:48.941303,cam1,87,2,1,WALKING,"(np.float32(525.4163), np.float32(468.3018), np.float32(818.6522), np.float32(716.57477))","[[668.6541137695312, 571.88916015625, 0.9667997360229492], [689.8291015625, 550.8399658203125, 0.9723777770996094], [650.505859375, 550.6749877929688, 0.9475253820419312], [728.9464721679688, 547.8485107421875, 0.8664609789848328], [630.9326171875, 546.3375854492188, 0.5645444989204407], [770.095947265625, 648.321533203125, 0.8095958232879639], [604.3804931640625, 612.8897094726562, 0.8087753057479858], [798.9366455078125, 720.0, 0.1461559683084488], [531.1474609375, 639.7435302734375, 0.17037616670131683], [767.1307983398438, 719.7379150390625, 0.09772557765245438], [518.3887329101562, 623.5363159179688, 0.12219022214412689], [700.6654052734375, 720.0, 0.059963297098875046], [594.0682373046875, 704.3587646484375, 0.06680377572774887], [720.93505859375, 710.5770263671875, 0.020653780549764633], [588.9534301757812, 690.8032836914062, 0.023606404662132263], [696.8871459960938, 677.2083740234375, 0.020746145397424698], [599.1060791015625, 682.7669067382812, 0.022826198488473892]]",
17:40:49.117170,cam1,88,2,1,WALKING,"(np.float32(524.7478), np.float32(469.0934), np.float32(818.9827), np.float32(716.6865))","[[669.291748046875, 571.8831787109375, 0.9651334285736084], [690.3528442382812, 550.8344116210938, 0.9683997631072998], [650.8340454101562, 550.5086669921875, 0.9491288065910339], [727.9710083007812, 547.5066528320312, 0.8525825142860413], [629.4163818359375, 545.9598388671875, 0.6001646518707275], [769.602294921875, 646.7842407226562, 0.8267176151275635], [599.9369506835938, 615.5692138671875, 0.8327524065971375], [799.1705322265625, 720.0, 0.16957025229930878], [527.85498046875, 656.24072265625, 0.20115253329277039], [770.3035278320312, 713.756591796875, 0.12073677778244019], [528.9189453125, 652.650146484375, 0.1454135626554489], [698.8429565429688, 720.0, 0.07263167947530746], [590.84619140625, 704.6699829101562, 0.07795637100934982], [717.3304443359375, 704.7576293945312, 0.024309325963258743], [588.011962890625, 684.6539916992188, 0.02752603217959404], [683.82861328125, 668.1470947265625, 0.024014825001358986], [588.9406127929688, 672.04248046875, 0.026545878499746323]]",
17:40:49.270197,cam1,89,2,1,WALKING,"(np.float32(524.9167), np.float32(468.94724), np.float32(819.06287), np.float32(716.55914))","[[668.9976806640625, 572.275634765625, 0.9663170576095581], [689.8837890625, 551.1181030273438, 0.9720219969749451], [650.6574096679688, 551.2344970703125, 0.9463387727737427], [728.7756958007812, 547.6627807617188, 0.8639942407608032], [630.98046875, 546.91357421875, 0.5595975518226624], [769.7006225585938, 647.2352905273438, 0.8127632737159729], [605.2556762695312, 612.9346923828125, 0.8030049204826355], [797.7734375, 720.0, 0.1508358269929886], [532.3267822265625, 643.7138671875, 0.1655387580394745], [766.4166259765625, 719.7329711914062, 0.09903604537248611], [518.6897583007812, 637.316650390625, 0.11709074676036835], [700.37451171875, 720.0, 0.060620903968811035], [594.6685791015625, 703.6903076171875, 0.065728098154068], [719.05859375, 709.6519775390625, 0.02082688733935356], [588.0032958984375, 690.0391845703125, 0.02313143201172352], [694.0985717773438, 675.3964233398438, 0.0209799837321043], [596.754150390625, 682.2174072265625, 0.022609619423747063]]",
17:40:49.438222,cam1,90,2,1,WALKING,"(np.float32(528.4068), np.float32(470.12994), np.float32(819.54956), np.float32(716.9563))","[[669.8682861328125, 570.4169921875, 0.9646444320678711], [691.6126708984375, 548.900146484375, 0.9676765203475952], [650.9100952148438, 548.799560546875, 0.9508200287818909], [729.8613891601562, 546.5491333007812, 0.8499622344970703], [628.8416748046875, 545.69970703125, 0.6227306723594666], [770.97216796875, 646.4013671875, 0.8251914978027344], [597.8621826171875, 623.9208374023438, 0.8385635018348694], [802.1539306640625, 720.0, 0.15874813497066498], [536.0027465820312, 686.5516967773438, 0.1924726366996765], [771.7916870117188, 714.7041015625, 0.11308000981807709], [548.7313842773438, 700.7156982421875, 0.13119831681251526], [701.2371826171875, 719.7978515625, 0.06706120818853378], [590.8150634765625, 707.9453125, 0.07260636985301971], [722.2816162109375, 706.8330688476562, 0.023381168022751808], [589.5606689453125, 690.5997314453125, 0.02674040012061596], [688.5703125, 671.861572265625, 0.02375132218003273], [593.0186767578125, 677.215087890625, 0.02641455829143524]]",
